Sample ID,Condition
GSM4161452,DU145_Sen_1
GSM4161453,DU145_Sen_2
GSM4161454,DU145_Sen_3
GSM4161455,DU145_Sen_4
GSM4161456,DU145_Sen_5
GSM4161457,DU145_Sen_6
GSM4161458,DU145_Sen_7
GSM4161459,DU145_Sen_8
GSM4161460,DU145_Sen_9
GSM4161461,DU145_Sen_10
GSM4161462,DU145_Sen_11
GSM4161463,DU145_Sen_12
GSM4161464,DU145_Sen_13
GSM4161465,DU145_Sen_14
GSM4161466,DU145_Sen_15
GSM4161467,DU145_Sen_16
GSM4161468,DU145_Sen_17
GSM4161469,DU145_Sen_18
GSM4161470,DU145_Sen_19
GSM4161471,DU145_Sen_20
GSM4161472,DU145_Sen_21
GSM4161473,DU145_Sen_22
GSM4161474,DU145_Sen_23
GSM4161475,DU145_Sen_24
GSM4161476,DU145_Sen_25
GSM4161477,DU145_Sen_26
GSM4161478,DU145_Sen_27
GSM4161479,DU145_Sen_28
GSM4161480,DU145_Sen_29
GSM4161481,DU145_Sen_30
GSM4161482,DU145_Sen_31
GSM4161483,DU145_Sen_32
GSM4161484,DU145_Sen_33
GSM4161485,DU145_Sen_34
GSM4161486,DU145_Sen_35
GSM4161487,DU145_Sen_36
GSM4161488,DU145_Sen_37
GSM4161489,DU145_Sen_38
GSM4161490,DU145_Sen_39
GSM4161491,DU145_Sen_40
GSM4161492,DU145_Sen_41
GSM4161493,DU145_Sen_42
GSM4161494,DU145_Sen_43
GSM4161495,DU145_Sen_44
GSM4161496,DU145_Sen_45
GSM4161497,DU145_Sen_46
GSM4161498,DU145_Sen_47
GSM4161499,DU145_Sen_48
GSM4161500,DU145_Sen_49
GSM4161501,DU145_Sen_50
GSM4161502,DU145_Sen_51
GSM4161503,DU145_Sen_52
GSM4161504,DU145_Sen_53
GSM4161505,DU145_Sen_54
GSM4161506,DU145_Sen_55
GSM4161507,DU145_Sen_56
GSM4161508,DU145_Sen_57
GSM4161509,DU145_Sen_58
GSM4161510,DU145_Sen_59
GSM4161511,DU145_Sen_60
GSM4161512,DU145_Sen_61
GSM4161513,DU145_Sen_62
GSM4161514,DU145_Sen_63
GSM4161515,DU145_Sen_64
GSM4161516,DU145_Sen_65
GSM4161517,DU145_Sen_66
GSM4161518,DU145_Sen_67
GSM4161519,DU145_Sen_68
GSM4161520,DU145_Sen_69
GSM4161521,DU145_Sen_70
GSM4161522,DU145_Sen_71
GSM4161523,DU145_Sen_72
GSM4161524,DU145_Res_1
GSM4161525,DU145_Res_2
GSM4161526,DU145_Res_3
GSM4161527,DU145_Res_4
GSM4161528,DU145_Res_5
GSM4161529,DU145_Res_6
GSM4161530,DU145_Res_7
GSM4161531,DU145_Res_8
GSM4161532,DU145_Res_9
GSM4161533,DU145_Res_10
GSM4161534,DU145_Res_11
GSM4161535,DU145_Res_12
GSM4161536,DU145_Res_13
GSM4161537,DU145_Res_14
GSM4161538,DU145_Res_15
GSM4161539,DU145_Res_16
GSM4161540,DU145_Res_17
GSM4161541,DU145_Res_18
GSM4161542,DU145_Res_19
GSM4161543,DU145_Res_20
GSM4161544,DU145_Res_21
GSM4161545,DU145_Res_22
GSM4161546,DU145_Res_23
GSM4161547,DU145_Res_24
GSM4161548,DU145_Res_25
GSM4161549,DU145_Res_26
GSM4161550,DU145_Res_27
GSM4161551,DU145_Res_28
GSM4161552,DU145_Res_29
GSM4161553,DU145_Res_30
GSM4161554,DU145_Res_31
GSM4161555,DU145_Res_32
GSM4161556,DU145_Res_33
GSM4161557,DU145_Res_34
GSM4161558,DU145_Res_35
GSM4161559,DU145_Res_36
GSM4161560,DU145_Res_37
GSM4161561,DU145_Res_38
GSM4161562,DU145_Res_39
GSM4161563,DU145_Res_40
GSM4161564,DU145_Res_41
GSM4161565,DU145_Res_42
GSM4161566,DU145_Res_43
GSM4161567,DU145_Res_44
GSM4161568,DU145_Res_45
GSM4161569,DU145_Res_46
GSM4161570,DU145_Res_47
GSM4161571,DU145_Res_48
GSM4161572,DU145_Res_49
GSM4161573,DU145_Res_50
GSM4161574,DU145_Res_51
GSM4161575,DU145_Res_52
GSM4161576,DU145_Res_53
GSM4161577,DU145_Res_54
GSM4161578,DU145_Res_55
GSM4161579,DU145_Res_56
GSM4161580,DU145_Res_57
GSM4161581,DU145_Res_58
GSM4161582,DU145_Res_59
GSM4161583,DU145_Res_60
GSM4161584,DU145_Res_61
GSM4161585,DU145_Res_62
GSM4161586,DU145_Res_63
GSM4161587,DU145_Res_64
GSM4161588,DU145_Res_65
GSM4161589,DU145_Res_66
GSM4161590,DU145_Res_67
GSM4161591,DU145_Res_68
GSM4161592,DU145_Res_69
GSM4161593,DU145_Res_70
GSM4161594,DU145_Res_71
GSM4161595,DU145_Res_72
GSM4161596,PC3_Sen_1
GSM4161597,PC3_Sen_2
GSM4161598,PC3_Sen_3
GSM4161599,PC3_Sen_4
GSM4161600,PC3_Sen_5
GSM4161601,PC3_Sen_6
GSM4161602,PC3_Sen_7
GSM4161603,PC3_Sen_8
GSM4161604,PC3_Sen_9
GSM4161605,PC3_Sen_10
GSM4161606,PC3_Sen_11
GSM4161607,PC3_Sen_12
GSM4161608,PC3_Sen_13
GSM4161609,PC3_Sen_14
GSM4161610,PC3_Sen_15
GSM4161611,PC3_Sen_16
GSM4161612,PC3_Sen_17
GSM4161613,PC3_Sen_18
GSM4161614,PC3_Sen_19
GSM4161615,PC3_Sen_20
GSM4161616,PC3_Sen_21
GSM4161617,PC3_Sen_22
GSM4161618,PC3_Sen_23
GSM4161619,PC3_Sen_24
GSM4161620,PC3_Sen_25
GSM4161621,PC3_Sen_26
GSM4161622,PC3_Sen_27
GSM4161623,PC3_Sen_28
GSM4161624,PC3_Sen_29
GSM4161625,PC3_Sen_30
GSM4161626,PC3_Sen_31
GSM4161627,PC3_Sen_32
GSM4161628,PC3_Sen_33
GSM4161629,PC3_Sen_34
GSM4161630,PC3_Sen_35
GSM4161631,PC3_Sen_36
GSM4161632,PC3_Sen_37
GSM4161633,PC3_Sen_38
GSM4161634,PC3_Sen_39
GSM4161635,PC3_Sen_40
GSM4161636,PC3_Sen_41
GSM4161637,PC3_Sen_42
GSM4161638,PC3_Sen_43
GSM4161639,PC3_Sen_44
GSM4161640,PC3_Sen_45
GSM4161641,PC3_Sen_46
GSM4161642,PC3_Sen_47
GSM4161643,PC3_Sen_48
GSM4161644,PC3_Sen_49
GSM4161645,PC3_Sen_50
GSM4161646,PC3_Sen_51
GSM4161647,PC3_Sen_52
GSM4161648,PC3_Sen_53
GSM4161649,PC3_Sen_54
GSM4161650,PC3_Sen_55
GSM4161651,PC3_Sen_56
GSM4161652,PC3_Sen_57
GSM4161653,PC3_Sen_58
GSM4161654,PC3_Sen_59
GSM4161655,PC3_Sen_60
GSM4161656,PC3_Sen_61
GSM4161657,PC3_Sen_62
GSM4161658,PC3_Sen_63
GSM4161659,PC3_Sen_64
GSM4161660,PC3_Sen_65
GSM4161661,PC3_Sen_66
GSM4161662,PC3_Sen_67
GSM4161663,PC3_Sen_68
GSM4161664,PC3_Sen_69
GSM4161665,PC3_Sen_70
GSM4161666,PC3_Sen_71
GSM4161667,PC3_Sen_72
GSM4161668,PC3_Sen_73
GSM4161669,PC3_Sen_74
GSM4161670,PC3_Sen_75
GSM4161671,PC3_Sen_76
GSM4161672,PC3_Sen_77
GSM4161673,PC3_Sen_78
GSM4161674,PC3_Sen_79
GSM4161675,PC3_Sen_80
GSM4161676,PC3_Sen_81
GSM4161677,PC3_Sen_82
GSM4161678,PC3_Sen_83
GSM4161679,PC3_Sen_84
GSM4161680,PC3_Sen_85
GSM4161681,PC3_Sen_86
GSM4161682,PC3_Sen_87
GSM4161683,PC3_Sen_88
GSM4161684,PC3_Sen_89
GSM4161685,PC3_Sen_90
GSM4161686,PC3_Res_1
GSM4161687,PC3_Res_2
GSM4161688,PC3_Res_3
GSM4161689,PC3_Res_4
GSM4161690,PC3_Res_5
GSM4161691,PC3_Res_6
GSM4161692,PC3_Res_7
GSM4161693,PC3_Res_8
GSM4161694,PC3_Res_9
GSM4161695,PC3_Res_10
GSM4161696,PC3_Res_11
GSM4161697,PC3_Res_12
GSM4161698,PC3_Res_13
GSM4161699,PC3_Res_14
GSM4161700,PC3_Res_15
GSM4161701,PC3_Res_16
GSM4161702,PC3_Res_17
GSM4161703,PC3_Res_18
GSM4161704,PC3_Res_19
GSM4161705,PC3_Res_20
GSM4161706,PC3_Res_21
GSM4161707,PC3_Res_22
GSM4161708,PC3_Res_23
GSM4161709,PC3_Res_24
GSM4161710,PC3_Res_25
GSM4161711,PC3_Res_26
GSM4161712,PC3_Res_27
GSM4161713,PC3_Res_28
GSM4161714,PC3_Res_29
GSM4161715,PC3_Res_30
GSM4161716,PC3_Res_31
GSM4161717,PC3_Res_32
GSM4161718,PC3_Res_33
GSM4161719,PC3_Res_34
GSM4161720,PC3_Res_35
GSM4161721,PC3_Res_36
GSM4161722,PC3_Res_37
GSM4161723,PC3_Res_38
GSM4161724,PC3_Res_39
GSM4161725,PC3_Res_40
GSM4161726,PC3_Res_41
GSM4161727,PC3_Res_42
GSM4161728,PC3_Res_43
GSM4161729,PC3_Res_44
GSM4161730,PC3_Res_45
GSM4161731,PC3_Res_46
GSM4161732,PC3_Res_47
GSM4161733,PC3_Res_48
GSM4161734,PC3_Res_49
GSM4161735,PC3_Res_50
GSM4161736,PC3_Res_51
GSM4161737,PC3_Res_52
GSM4161738,PC3_Res_53
GSM4161739,PC3_Res_54
GSM4161740,PC3_Res_55
GSM4161741,PC3_Res_56
GSM4161742,PC3_Res_57
GSM4161743,PC3_Res_58
GSM4161744,PC3_Res_59
GSM4161745,PC3_Res_60
GSM4161746,PC3_Res_61
GSM4161747,PC3_Res_62
GSM4161748,PC3_Res_63
GSM4161749,PC3_Res_64
GSM4161750,PC3_Res_65
GSM4161751,PC3_Res_66
GSM4161752,PC3_Res_67
GSM4161753,PC3_Res_68
GSM4161754,PC3_Res_69
GSM4161755,PC3_Res_70
GSM4161756,PC3_Res_71
GSM4161757,PC3_Res_72
GSM4161758,PC3_Res_73
GSM4161759,PC3_Res_74
GSM4161760,PC3_Res_75
GSM4161761,PC3_Res_76
GSM4161762,PC3_Res_77
GSM4161763,PC3_Res_78
GSM4161764,PC3_Res_79
GSM4161765,PC3_Res_80
GSM4161766,PC3_Res_81
GSM4161767,PC3_Res_82
GSM4161768,PC3_Res_83
GSM4161769,PC3_Res_84
GSM4161770,PC3_Res_85
GSM4161771,PC3_Res_86
GSM4161772,PC3_Res_87
GSM4161773,PC3_Res_88
GSM4161774,PC3_Res_89
GSM4161775,PC3_Res_90
